样品编号	bacode	引物F	引物R
C1	CTAAGGTAACGAT	CAGCCGCCGCGGTAA	GTGCTCCCCCGCCAATTCCT
C2	TAAGGAGAACGAT	CAGCCGCCGCGGTAA	GTGCTCCCCCGCCAATTCCT
C3	AAGAGGATTCGAT	CAGCCGCCGCGGTAA	GTGCTCCCCCGCCAATTCCT
C4	TACCAAGATCGAT	CAGCCGCCGCGGTAA	GTGCTCCCCCGCCAATTCCT
C5	CAGAAGGAACGAT	CAGCCGCCGCGGTAA	GTGCTCCCCCGCCAATTCCT
C6	CTGCAAGTTCGAT	CAGCCGCCGCGGTAA	GTGCTCCCCCGCCAATTCCT
C7	TTCGTGATTCGAT	CAGCCGCCGCGGTAA	GTGCTCCCCCGCCAATTCCT
C8	TTCCGATAACGAT	CAGCCGCCGCGGTAA	GTGCTCCCCCGCCAATTCCT
C9	TGAGCGGAACGAT	CAGCCGCCGCGGTAA	GTGCTCCCCCGCCAATTCCT
C10	CTGACCGAACGAT	CAGCCGCCGCGGTAA	GTGCTCCCCCGCCAATTCCT
C11	TCCTCGAATCGAT	CAGCCGCCGCGGTAA	GTGCTCCCCCGCCAATTCCT
C12	TAGGTGGTTCGAT	CAGCCGCCGCGGTAA	GTGCTCCCCCGCCAATTCCT
C13	TCTAACGGACGAT	CAGCCGCCGCGGTAA	GTGCTCCCCCGCCAATTCCT
C14	TTGGAGTGTCGAT	CAGCCGCCGCGGTAA	GTGCTCCCCCGCCAATTCCT
C15	TCTAGAGGTCGAT	CAGCCGCCGCGGTAA	GTGCTCCCCCGCCAATTCCT
C16	TCTGGATGACGAT	CAGCCGCCGCGGTAA	GTGCTCCCCCGCCAATTCCT
C17	TCTATTCGTCGAT	CAGCCGCCGCGGTAA	GTGCTCCCCCGCCAATTCCT
C18	AGGCAATTGCGAT	CAGCCGCCGCGGTAA	GTGCTCCCCCGCCAATTCCT
C19	TTAGTCGGACGAT	CAGCCGCCGCGGTAA	GTGCTCCCCCGCCAATTCCT
C20	CAGATCCATCGAT	CAGCCGCCGCGGTAA	GTGCTCCCCCGCCAATTCCT
C21	TCGCAATTACGAT	CAGCCGCCGCGGTAA	GTGCTCCCCCGCCAATTCCT
C22	TTCGAGACGCGAT	CAGCCGCCGCGGTAA	GTGCTCCCCCGCCAATTCCT
C23	TGCCACGAACGAT	CAGCCGCCGCGGTAA	GTGCTCCCCCGCCAATTCCT
C24	AACCTCATTCGAT	CAGCCGCCGCGGTAA	GTGCTCCCCCGCCAATTCCT
C25	CCTGAGATACGAT	CAGCCGCCGCGGTAA	GTGCTCCCCCGCCAATTCCT
C26	TTACAACCTCGAT	CAGCCGCCGCGGTAA	GTGCTCCCCCGCCAATTCCT
C27	AACCATCCGCGAT	CAGCCGCCGCGGTAA	GTGCTCCCCCGCCAATTCCT
C28	ATCCGGAATCGAT	CAGCCGCCGCGGTAA	GTGCTCCCCCGCCAATTCCT
C29	TCGACCACTCGAT	CAGCCGCCGCGGTAA	GTGCTCCCCCGCCAATTCCT
C30	CGAGGTTATCGAT	CAGCCGCCGCGGTAA	GTGCTCCCCCGCCAATTCCT
C31	TCCAAGCTGCGAT	CAGCCGCCGCGGTAA	GTGCTCCCCCGCCAATTCCT
C32	TCTTACACACGAT	CAGCCGCCGCGGTAA	GTGCTCCCCCGCCAATTCCT
C33	TTCTCATTGAACGAT	CAGCCGCCGCGGTAA	GTGCTCCCCCGCCAATTCCT
C34	TCGCATCGTTCGAT	CAGCCGCCGCGGTAA	GTGCTCCCCCGCCAATTCCT
C35	TAAGCCATTGTCGAT	CAGCCGCCGCGGTAA	GTGCTCCCCCGCCAATTCCT
C36	AAGGAATCGTCGAT	CAGCCGCCGCGGTAA	GTGCTCCCCCGCCAATTCCT
C1a	CTTGAGAATGTCGAT	CAGCCGCCGCGGTAA	GTGCTCCCCCGCCAATTCCT
C2a	TGGAGGACGGACGAT	CAGCCGCCGCGGTAA	GTGCTCCCCCGCCAATTCCT
C3a	TAACAATCGGCGAT	CAGCCGCCGCGGTAA	GTGCTCCCCCGCCAATTCCT
C4a	CTGACATAATCGAT	CAGCCGCCGCGGTAA	GTGCTCCCCCGCCAATTCCT
C5a	TTCCACTTCGCGAT	CAGCCGCCGCGGTAA	GTGCTCCCCCGCCAATTCCT
C6a	AGCACGAATCGAT	CAGCCGCCGCGGTAA	GTGCTCCCCCGCCAATTCCT
C7a	CTTGACACCGCGAT	CAGCCGCCGCGGTAA	GTGCTCCCCCGCCAATTCCT
C8a	TTGGAGGCCAGCGAT	CAGCCGCCGCGGTAA	GTGCTCCCCCGCCAATTCCT
C9a	TGGAGCTTCCTCGAT	CAGCCGCCGCGGTAA	GTGCTCCCCCGCCAATTCCT
C10a	TCAGTCCGAACGAT	CAGCCGCCGCGGTAA	GTGCTCCCCCGCCAATTCCT
C11a	TAAGGCAACCACGAT	CAGCCGCCGCGGTAA	GTGCTCCCCCGCCAATTCCT
C12a	TTCTAAGAGACGAT	CAGCCGCCGCGGTAA	GTGCTCCCCCGCCAATTCCT
C13a	TCCTAACATAACGAT	CAGCCGCCGCGGTAA	GTGCTCCCCCGCCAATTCCT
C14a	CGGACAATGGCGAT	CAGCCGCCGCGGTAA	GTGCTCCCCCGCCAATTCCT
C15a	TTGAGCCTATTCGAT	CAGCCGCCGCGGTAA	GTGCTCCCCCGCCAATTCCT
C16a	CCGCATGGAACGAT	CAGCCGCCGCGGTAA	GTGCTCCCCCGCCAATTCCT
C17a	CTGGCAATCCTCGAT	CAGCCGCCGCGGTAA	GTGCTCCCCCGCCAATTCCT
C18a	CCGGAGAATCGCGAT	CAGCCGCCGCGGTAA	GTGCTCCCCCGCCAATTCCT
C19a	TCCACCTCCTCGAT	CAGCCGCCGCGGTAA	GTGCTCCCCCGCCAATTCCT
C20a	CAGCATTAATTCGAT	CAGCCGCCGCGGTAA	GTGCTCCCCCGCCAATTCCT
C21a	TCTGGCAACGGCGAT	CAGCCGCCGCGGTAA	GTGCTCCCCCGCCAATTCCT
C22a	TCCTAGAACACGAT	CAGCCGCCGCGGTAA	GTGCTCCCCCGCCAATTCCT
C23a	TCCTTGATGTTCGAT	CAGCCGCCGCGGTAA	GTGCTCCCCCGCCAATTCCT
C24a	TCTAGCTCTTCGAT	CAGCCGCCGCGGTAA	GTGCTCCCCCGCCAATTCCT
C25a	TCACTCGGATCGAT	CAGCCGCCGCGGTAA	GTGCTCCCCCGCCAATTCCT
C26a	TTCCTGCTTCACGAT	CAGCCGCCGCGGTAA	GTGCTCCCCCGCCAATTCCT
C27a	CCTTAGAGTTCGAT	CAGCCGCCGCGGTAA	GTGCTCCCCCGCCAATTCCT
C28a	CTGAGTTCCGACGAT	CAGCCGCCGCGGTAA	GTGCTCCCCCGCCAATTCCT
C29a	TCCTGGCACATCGAT	CAGCCGCCGCGGTAA	GTGCTCCCCCGCCAATTCCT
C30a	CCGCAATCATCGAT	CAGCCGCCGCGGTAA	GTGCTCCCCCGCCAATTCCT
C31a	TTCCTACCAGTCGAT	CAGCCGCCGCGGTAA	GTGCTCCCCCGCCAATTCCT
C32a	TCAAGAAGTTCGAT	CAGCCGCCGCGGTAA	GTGCTCCCCCGCCAATTCCT
C33a	TTCAATTGGCGAT	CAGCCGCCGCGGTAA	GTGCTCCCCCGCCAATTCCT
C34a	CCTACTGGTCGAT	CAGCCGCCGCGGTAA	GTGCTCCCCCGCCAATTCCT
C35a	TGAGGCTCCGACGAT	CAGCCGCCGCGGTAA	GTGCTCCCCCGCCAATTCCT
C36a	CGAAGGCCACACGAT	CAGCCGCCGCGGTAA	GTGCTCCCCCGCCAATTCCT
